scenario,global_utility,published,difference
A,0.88679,0.8868,-1.0000000000065512e-05
B,0.59549,0.5955,-1.0000000000065512e-05
C,0.24261999999999997,0.2426,1.999999999996449e-05
