scenario,global_utility
A,0.8871834384653722
B,0.5953172358444422
C,0.24207268062721282
