scenario,global_utility,rho
A,0.9088324756963649,0.5
B,0.6515269404467912,0.5
C,0.28547431394862777,0.5
A,0.9279731029965215,1.0
B,0.7044413856916141,1.0
C,0.33025445795407804,1.0
A,0.9573960684839656,2.0
B,0.7963294360266623,2.0
C,0.42113986644268964,2.0
