scenario,global_utility,rho
A,0.9091912457671725,0.5
B,0.6514008657649834,0.5
C,0.28489154855339854,0.5
A,0.9282896326751234,1.0
B,0.704358478433361,1.0
C,0.3296457286238161,1.0
A,0.9576177757416203,2.0
B,0.7963150509296526,2.0
C,0.42051117732786336,2.0
