scenario,global_utility,published,difference
A,0.88679,0.8921,-0.005310000000000037
B,0.59549,0.5914,0.004089999999999927
C,0.24261999999999997,0.2485,-0.005880000000000024
