scenario,global_utility,rho
A,0.9088324756963649,0.5
B,0.651526940446791,0.5
C,0.28547431394862777,0.5
A,0.9279731029965215,1.0
B,0.7044413856916141,1.0
C,0.330254457954078,1.0
A,0.9573960684839656,2.0
B,0.7963294360266622,2.0
C,0.4211398664426896,2.0
