scenario,mean,std,q025,q500,q975,min,max
A,0.8871667271914812,0.0009933240304516489,0.8852391411863353,0.8871823193880974,0.8889932237696064,0.8843830722734224,0.8897614889628842
B,0.5953490382854523,0.003088980619295935,0.589605920602904,0.5953845821747369,0.6013166477539976,0.5872389397121124,0.6042078345624402
C,0.24216514454593235,0.004577994011100409,0.2337194371384209,0.242125956526013,0.2509537633746265,0.22994273768060647,0.2554557749041769
