scenario,mean,std,q025,q500,q975,min,max
A,0.8827234374299362,0.01788850362432028,0.8488723427217174,0.8829143211312636,0.9169609904925304,0.8234015103822412,0.9369159389817563
B,0.5955291207791965,0.013141784904950988,0.5704167561156341,0.5954397403806915,0.6208788366584972,0.552276633041956,0.6356820419225915
C,0.2425877480875184,0.005690466949400623,0.2318213318128038,0.24251954825767802,0.2534764421298402,0.22370575020548178,0.26083939318387545
