scenario,mean,std,q025,q500,q975,min,max
A,0.8831697273242269,0.01787080429982944,0.8494867303270865,0.8833360778534892,0.9172940382815384,0.8236158665759825,0.937382363272123
B,0.5953584921472788,0.01308974959657542,0.5703153405548214,0.5952511548662274,0.6206629375255098,0.5528875271160308,0.6356323922205999
C,0.24204187780810998,0.005644090121330989,0.2313681344887573,0.2420064521990533,0.2528652136209733,0.2231629012912184,0.2601386030484918
