scenario,mean,std,q025,q500,q975,min,max
A,0.8727824499914183,0.032242436432645495,0.8091883687416411,0.8741193114154565,0.9313386283668342,0.7600130207644822,0.9642019227652616
B,0.595568241558393,0.02628356980990196,0.5453435122312683,0.5953894807613831,0.6462676733169943,0.5090632660839118,0.6758740838451827
C,0.24255549617503686,0.01138093389880124,0.22102266362560755,0.24241909651535604,0.2643328842596803,0.2047915004109636,0.27905878636775094
