scenario,mean,std,q025,q500,q975,min,max
A,0.873245762821694,0.032207379517317565,0.8100487836247001,0.8744983938343629,0.9318388111449344,0.7600482946865929,0.9646689732101476
B,0.5953997484501153,0.026179499193150824,0.5453134452652004,0.5951850738880125,0.6460086392065774,0.5104578183876195,0.6759475485967574
C,0.24201107498900715,0.01128818024266197,0.22066358835030186,0.24194022377089375,0.26365774661473385,0.20425312195522405,0.2782045254697708
